Recency_of_Purchase,Frequency_of_Purchases,Amount_Spent
334,4,5764.091499999983
25,182,4310.0
98,27,1437.24
41,72,1457.55
333,16,294.4
59,80,2226.04
227,4,111.123
255,58,1079.4
237,13,459.4
45,58,2487.43
56,131,5764.091499999983
25,17,928.0600000000001
80,245,5764.091499999983
75,126,2302.06
310,9,174.9
26,256,4737.23
132,23,552.0
30,81,1208.1
314,22,641.38
27,10,150.9
74,165,3421.94
82,62,1527.96
94,49,1196.04
334,13,324.6
48,32,622.93
33,15,377.5
334,76,1548.12
152,219,4008.62
104,38,777.24
44,100,2427.81
27,82,1474.81
207,94,1628.56
51,25,425.27000000000004
334,10,401.9
38,100,2780.66
102,31,504.84000000000003
44,93,439.66
95,64,1582.6000000000001
86,25,1080.48
42,144,2682.63
58,124,2214.9
68,84,1435.66
142,55,1033.65
326,4,111.123
334,10,195.6
72,4,391.7
171,53,1390.39
45,105,3415.3
72,72,1507.1200000000001
55,101,2618.55
101,109,5764.091499999983
331,25,533.33
97,58,1142.88
89,36,686.1
240,15,442.41
47,308,5764.091499999983
26,183,3226.1
135,34,668.58
86,29,600.39
38,41,639.04
118,38,683.5600000000001
25,117,1634.31
185,30,1760.96
101,36,777.2
217,29,510.73
44,28,699.8
48,288,5764.091499999983
32,94,3388.4
66,10,216.4
58,232,5764.091499999983
65,107,4359.32
25,308,5764.091499999983
107,50,806.14
102,36,5764.091499999983
122,15,429.01000000000005
25,184,4447.41
37,96,2466.85
334,10,155.55
26,11,144.06
44,172,4085.46
45,4,111.123
80,57,1002.3100000000001
266,25,431.49
67,21,365.45
45,187,3596.29
179,8,197.88
33,308,5764.091499999983
39,20,348.57
157,43,707.09
79,15,3528.34
96,85,2339.86
67,122,2581.04
89,59,2043.23
94,36,787.4
177,34,626.88
41,60,937.59
76,79,1200.78
33,22,957.05
40,45,682.1899999999999
210,36,657.54
25,308,5764.091499999983
55,308,5764.091499999983
52,164,3640.0499999999997
40,308,5764.091499999983
76,35,669.38
38,224,5764.091499999983
45,300,5764.091499999983
26,35,545.99
34,30,473.2
51,150,2885.63
45,208,5003.82
40,68,1910.98
58,308,3939.32
32,54,1244.66
334,14,298.93
28,235,4859.93
61,25,424.40000000000003
86,18,227.21
188,21,415.74
38,71,1084.1000000000001
104,13,953.1
44,21,349.70000000000005
46,52,4059.82
334,148,2025.39
118,142,2995.87
41,8,428.04999999999995
255,23,111.123
157,19,1052.81
49,68,397.88
307,6,158.5
165,31,814.5699999999999
89,31,132.18
135,34,558.29
290,51,1017.68
334,15,278.7
100,24,1186.06
51,276,2301.6
25,119,1840.89
86,16,276.84
102,147,2346.2599999999998
165,37,545.68
62,10,156.72
42,102,1699.77
32,136,3945.72
25,68,1172.66
104,17,330.71000000000004
32,86,1645.48
82,62,1500.28
37,17,125.22
53,15,313.83000000000004
153,62,981.18
114,34,716.35
66,261,5764.091499999983
52,21,363.95
45,273,5568.35
42,308,5764.091499999983
52,49,841.18
59,18,316.7
98,48,832.39
69,67,1021.5
220,6,151.79999999999998
189,4,111.123
102,56,824.83
334,10,168.0
62,19,317.82
31,182,3278.28
73,119,599.56
39,33,5764.091499999983
30,11,269.96
333,20,525.71
28,103,1918.01
325,16,238.85
31,161,3385.7400000000002
284,20,402.9
311,9,145.92
109,18,297.65
45,308,5764.091499999983
25,157,3152.69
62,34,519.61
31,58,912.42
250,28,160.54000000000002
334,10,182.45000000000002
58,88,1315.83
58,146,626.6
44,112,2402.51
101,28,386.42
269,23,379.7
62,14,179.71
261,20,351.36
25,232,5764.091499999983
26,95,2254.15
257,85,1824.1
40,11,196.94000000000003
30,4,111.123
62,9,174.89999999999998
51,33,574.68
234,67,5764.091499999983
334,25,368.85
115,16,401.6
131,20,382.09999999999997
60,114,3208.2200000000003
74,25,450.27
42,202,3195.22
32,127,2807.08
52,55,888.58
51,54,2311.04
212,23,487.06
81,12,153.12
44,4,613.1999999999999
102,15,236.18
83,101,1579.51
101,57,964.85
45,102,1747.54
75,65,1193.32
97,18,668.0400000000001
80,149,3092.38
300,20,315.6
25,101,2093.19
118,30,641.3
52,41,352.98
44,10,137.31
39,83,3335.24
37,91,1303.41
25,308,5764.091499999983
255,10,162.1
299,17,269.1
129,36,569.13
234,84,2413.82
46,285,5764.091499999983
33,224,4082.53
27,38,732.46
32,62,1030.88
80,30,480.5
81,97,1929.98
112,99,1509.18
90,308,5764.091499999983
56,38,511.69
261,21,366.1
46,50,994.58
138,9,145.9
48,44,905.26
151,18,3041.64
152,31,477.91
56,69,1631.18
27,45,1346.97
45,109,3146.82
177,20,300.05
130,29,569.51
26,19,242.44000000000003
334,9,114.0
334,47,793.98
171,43,2209.85
33,34,529.98
40,121,3619.17
34,44,1427.18
41,35,632.05
52,4,111.123
34,12,227.1
25,220,3543.78
31,28,4391.88
334,4,111.123
81,32,460.13
34,157,3177.15
173,99,2564.0299999999997
33,87,2744.05
334,10,225.89999999999998
28,41,574.52
61,79,1844.6
47,39,1091.39
65,157,5764.091499999983
81,44,951.02
25,49,790.81
37,308,5764.091499999983
26,308,5764.091499999983
27,308,5764.091499999983
30,99,2103.63
51,151,2575.08
334,6,111.123
136,171,4873.8099999999995
48,70,1139.61
228,15,335.01
51,27,927.8
150,35,711.91
93,35,761.67
30,27,582.1
51,38,757.59
30,264,4525.99
102,51,725.71
42,11,201.0
94,20,265.55
30,81,1740.84
38,308,5764.091499999983
314,33,603.42
52,147,2442.91
38,202,5764.091499999983
119,74,1023.02
51,120,3928.13
25,37,794.55
32,254,4294.86
129,19,263.36
26,67,963.49
174,53,830.98
94,18,202.25
28,37,572.95
25,308,5115.7300000000005
54,155,2386.13
108,52,979.63
26,68,707.07
28,49,923.41
334,23,371.8
51,117,2411.1
33,132,3440.7
94,42,728.33
136,25,417.01
46,273,5764.091499999983
202,11,218.26000000000002
257,22,383.95
334,4,111.123
334,41,689.5699999999999
334,4,144.0
334,10,137.35
122,37,975.54
86,27,427.6
157,131,540.13
74,222,5764.091499999983
25,103,4196.01
25,308,5764.091499999983
26,199,4090.88
151,15,275.88
104,53,4366.78
45,197,5764.091499999983
258,63,3010.74
303,4,3811.95
109,4,112.07999999999998
38,308,5764.091499999983
139,97,2791.59
75,92,1411.44
30,67,1702.52
161,18,494.08
334,45,1693.88
26,306,5764.091499999983
261,32,1143.6
233,12,1351.45
82,54,752.47
40,61,1281.04
42,44,693.23
60,149,3981.36
86,24,786.74
27,98,1938.92
25,80,1917.9099999999999
38,56,476.82
334,13,255.95
32,17,418.66
88,4,111.123
215,20,294.92
334,4,177.60000000000002
279,24,344.53999999999996
334,22,461.48
76,45,860.41
41,13,318.48
334,12,226.03
33,8,5764.091499999983
209,24,397.58
59,27,455.65000000000003
200,24,405.31
284,28,458.85
67,15,229.64000000000001
124,4,111.123
170,45,863.46
118,27,452.20000000000005
304,4,126.03999999999999
284,13,1182.0800000000002
26,59,942.34
237,6,111.123
93,46,948.88
97,5,1759.5
82,25,397.12
25,91,1474.72
28,25,430.15000000000003
25,56,1018.71
334,11,293.0
60,38,5764.091499999983
285,9,215.05
55,27,383.03
168,24,417.38
305,18,312.38
82,174,2610.36
196,12,134.1
56,120,671.95
25,308,5591.42
166,113,2726.77
27,308,3991.58
93,34,1118.99
88,103,1702.26
52,52,325.96000000000004
290,27,354.09
45,84,843.64
54,48,1010.29
119,47,131.81
317,17,311.55
157,78,1957.1000000000001
101,109,1316.25
334,4,111.123
30,308,2170.78
233,46,1106.4
75,5,521.2
161,4,147.12
49,95,1568.23
306,25,499.12
49,308,4009.34
208,107,1607.0600000000002
107,11,380.64
334,66,599.97
305,4,374.0
166,4,343.2300000000001
80,83,2053.02
26,154,1535.77
259,47,854.99
67,10,573.22
298,7,298.0
32,13,1463.04
47,42,703.47
111,7,309.05
86,71,1175.22
90,82,1378.4
237,5,354.12
47,79,376.71999999999997
208,4,331.0
53,31,176.55
65,22,372.8
227,4,216.5
31,116,5764.091499999983
287,10,138.68
41,71,496.06
34,63,2919.81
199,4,750.0
62,91,2178.67
46,75,3075.04
25,24,1662.3
27,50,2483.63
171,22,363.65
161,103,2944.95
151,4,594.0
31,50,1335.19
40,27,162.78
32,308,5764.091499999983
184,28,405.38
87,28,172.82
111,30,933.7
27,45,694.05
58,84,2062.7000000000003
334,8,117.85
101,25,415.8
44,82,5764.091499999983
47,106,607.53
25,129,2160.7
40,62,1063.9
38,120,1504.27
48,9,114.14
87,47,5764.091499999983
77,96,899.69
154,70,675.6
58,30,604.51
311,23,462.95
166,97,1603.99
39,116,2064.95
53,215,4167.22
25,23,1843.0
31,63,1064.07
28,79,1387.79
32,17,329.85
25,180,4757.16
329,19,111.123
32,238,4017.54
30,16,266.39
31,95,1856.63
112,108,769.8100000000001
32,10,160.18
334,19,1660.9
135,5,135.95
30,129,405.47
26,305,5764.091499999983
220,8,144.8
234,22,738.6
179,9,111.123
180,20,5764.091499999983
52,20,372.21999999999997
265,28,390.54
41,4,111.123
25,76,1239.38
96,28,558.7
315,83,505.82
26,64,5764.091499999983
54,13,409.5
46,31,503.76
46,27,414.76
27,61,974.4200000000001
108,4,211.32
45,59,1226.89
219,28,455.88
129,31,534.85
27,308,5764.091499999983
334,7,120.94999999999999
128,6,149.05
34,308,5655.91
196,26,513.7
79,4,111.123
334,14,229.46999999999997
334,4,111.123
32,88,1646.8400000000001
25,219,4810.9400000000005
33,109,3466.2799999999997
76,175,3339.64
96,47,789.89
30,4,204.0
39,308,5764.091499999983
27,131,2616.38
87,38,599.9
25,40,975.36
136,26,5764.091499999983
45,45,661.3199999999999
53,10,1247.5
34,92,752.4399999999999
75,71,1010.18
334,11,190.55
77,37,642.77
96,27,921.88
161,48,881.07
103,28,908.46
31,43,676.99
296,13,516.42
314,33,560.47
122,18,305.28000000000003
53,35,629.31
54,172,3237.54
37,135,1819.41
87,14,656.6800000000001
37,308,5764.091499999983
235,18,348.15000000000003
101,76,1214.41
47,8,271.40000000000003
272,8,183.4
276,15,307.53
95,10,248.61
214,11,346.98
35,68,1105.59
334,14,205.86
47,48,470.8
105,15,115.46000000000001
33,4,344.0
25,308,4431.44
215,9,228.8
289,7,177.15
152,22,919.61
25,111,728.02
26,308,5764.091499999983
27,6,220.10000000000002
202,6,111.123
34,308,5764.091499999983
149,73,3613.63
27,18,303.75
180,22,416.08000000000004
25,308,5764.091499999983
31,155,5764.091499999983
51,21,345.82
93,25,477.83
298,159,5764.091499999983
44,24,1927.3200000000002
93,6,111.123
55,308,5764.091499999983
25,308,5764.091499999983
122,4,207.35999999999999
257,8,111.123
25,304,5764.091499999983
62,8,243.94
26,20,1098.48
156,4,111.123
67,58,1531.6200000000001
334,10,350.06
82,47,786.54
54,145,1488.67
25,200,5764.091499999983
34,120,2294.78
161,30,501.14
44,76,984.91
42,79,1197.81
261,4,111.123
292,50,283.73
117,55,922.39
112,222,3756.33
27,140,2099.64
100,15,259.17
117,4,111.123
46,44,1073.3
284,4,111.123
296,7,111.123
108,98,1793.58
219,4,3096.0
79,127,2607.61
33,308,3603.29
45,63,962.39
39,170,5064.94
131,45,422.47
107,135,2388.75
42,23,307.09
334,4,111.123
62,6,618.52
49,17,228.91
33,4,712.8000000000001
52,308,3683.26
37,86,1676.06
318,74,1257.8700000000001
28,15,486.22
56,85,971.76
72,87,1741.22
117,79,1201.06
31,120,1429.35
45,4,111.123
334,8,112.75
145,79,1688.29
69,42,1021.48
306,41,417.2
41,65,791.33
59,126,1299.59
86,13,712.88
49,30,111.123
44,46,468.41
27,43,353.65
39,293,2742.82
69,67,481.49
87,17,282.45
49,265,5725.47
68,11,121.18
30,94,3957.78
37,179,1668.95
290,4,111.123
62,79,1575.89
334,37,236.02
34,4,114.60000000000001
41,29,260.68
118,63,911.94
84,25,112.08
158,4,111.123
34,110,1797.78
33,226,3401.2400000000002
26,119,5764.091499999983
42,46,870.09
32,57,869.46
38,8,250.26000000000002
81,148,1217.65
53,308,5764.091499999983
116,22,353.48
33,55,1095.42
42,141,786.83
79,90,1520.58
290,5,333.74
145,4,533.98
150,5,111.123
101,21,819.2900000000001
263,66,847.41
223,5,163.20000000000002
83,108,2155.95
26,32,5764.091499999983
296,16,111.123
224,9,257.7
104,4,358.0
248,10,160.95
27,308,2755.63
35,202,1328.35
97,43,605.12
235,58,1031.07
47,36,744.85
40,31,700.73
284,21,329.56
119,67,663.65
135,13,270.40000000000003
226,57,585.12
115,27,121.74000000000001
73,16,430.5
41,136,1961.52
40,25,501.12
147,26,465.68
115,23,711.41
179,36,1030.4
32,13,399.51
34,36,672.83
84,81,283.18
84,8,557.62
291,9,944.1
286,11,200.29
25,308,5764.091499999983
76,90,2092.66
34,187,3834.2599999999998
25,211,4521.49
40,308,3174.75
25,308,5343.28
334,4,590.0
60,87,211.49
54,15,276.56
136,16,138.98
86,30,590.9300000000001
38,8,258.4
63,46,542.73
101,9,137.75
145,82,798.46
41,37,1132.14
82,7,111.123
334,13,201.19
46,187,2709.12
178,42,361.11
61,31,578.9399999999999
212,54,873.74
334,10,201.20000000000002
160,5,111.123
30,59,2089.85
25,4,360.0
291,5,142.5
192,20,371.89
126,81,618.09
178,4,111.123
334,21,300.42
27,81,2000.86
143,4,111.123
45,54,1385.51
30,107,1456.79
51,72,1132.03
27,26,598.57
45,78,1555.32
25,62,775.94
60,86,5732.93
89,124,2273.68
25,20,640.76
28,308,5764.091499999983
101,105,1532.2
95,11,567.36
40,25,199.48000000000002
26,21,787.85
59,75,5764.091499999983
104,12,675.3
61,108,3627.77
334,17,1308.48
54,17,789.0
115,53,1140.93
37,21,350.9
105,265,3502.32
100,51,795.12
180,19,487.02
223,54,860.12
68,134,5764.091499999983
283,42,775.85
200,19,353.43
90,116,2511.69
310,20,389.5
93,8,341.36
87,14,233.76
33,16,247.32
39,40,979.12
89,16,373.94
83,24,397.97999999999996
94,51,743.53
145,32,674.7
103,42,768.24
280,89,609.4
291,29,439.03
86,23,439.56
32,166,3090.7400000000002
40,60,992.5
94,10,134.95999999999998
56,128,2225.37
73,4,111.123
279,29,623.4
334,14,308.28000000000003
334,39,754.87
112,23,378.64
83,158,3312.25
111,37,778.65
122,53,1019.76
49,97,572.56
54,172,3639.31
303,15,222.99
53,152,4151.93
334,35,534.57
154,35,677.1
34,51,797.96
97,13,544.08
226,4,111.123
25,155,2520.02
208,21,307.72
52,43,1360.99
95,38,1544.13
215,26,457.34
150,39,621.23
40,4,111.123
25,11,252.49
97,27,572.451
25,308,5764.091499999983
47,28,1003.06
130,18,213.55
156,24,1390.5
66,19,712.5
27,28,640.83
34,304,5764.091499999983
86,16,221.06
172,8,159.85
63,102,1833.71
87,127,2626.3
131,78,1624.21
25,157,3641.32
42,29,582.6
33,71,201.78
33,67,1006.8
41,49,679.45
90,46,1269.1
97,10,534.24
28,101,3809.8900000000003
25,12,196.89
37,167,3408.06
278,54,283.71
114,13,296.64
46,59,1129.14
39,194,3534.69
46,19,291.88
49,71,2043.7199999999998
49,308,2898.2599999999998
282,4,590.0
188,17,356.97999999999996
47,46,1058.34
40,63,1766.72
30,308,5764.091499999983
52,17,183.44
61,27,1445.0
275,9,151.5
81,41,674.68
207,17,307.9
33,98,1071.91
25,302,5704.97
122,10,165.0
25,254,2501.84
83,21,422.64
259,62,226.84
214,86,1431.78
201,58,1238.47
60,79,1454.58
223,15,300.95
68,109,1804.56
255,11,184.64
88,10,140.34
264,8,313.8
256,23,454.24
101,69,1122.41
80,34,575.4
40,308,5764.091499999983
128,14,449.52
74,86,1215.82
159,50,1269.84
298,6,498.63
334,18,316.26000000000005
30,48,2044.8700000000001
33,35,653.33
305,19,348.05
40,42,1159.11
46,65,1166.77
311,52,1340.32
39,18,292.0
94,17,216.85
87,22,295.93
95,211,3633.63
334,26,458.52
26,162,2479.16
266,12,111.123
31,43,964.72
25,115,1791.56
283,15,251.21
149,10,205.1
96,4,152.20000000000002
95,59,891.12
44,44,1389.41
82,141,2128.42
108,36,627.16
101,8,122.75
81,87,2984.35
25,308,1071.73
53,5,125.80000000000001
56,172,3964.88
63,27,680.1800000000001
37,6,628.78
56,217,2242.36
101,15,307.76
228,22,483.8
56,66,210.31
205,75,269.09
25,296,5764.091499999983
25,178,3444.39
66,25,1280.85
108,37,631.34
62,78,276.06
35,97,621.09
119,123,678.16
48,51,918.2
334,4,111.123
89,109,3740.07
96,135,4098.88
51,34,584.06
28,169,594.52
30,32,171.42000000000002
238,14,141.85999999999999
104,82,1799.33
107,49,777.53
167,81,1724.67
42,38,240.22
63,169,856.84
196,43,187.05
40,79,338.62
266,27,239.49
35,308,2088.94
228,33,1384.25
73,25,290.25
46,46,732.0699999999999
33,126,5764.091499999983
48,83,1687.6000000000001
37,23,467.04
332,10,118.0
178,53,781.03
329,24,142.4
86,8,712.4
38,174,2478.95
37,21,379.65
34,87,1981.92
87,58,1117.13
58,16,247.95999999999998
131,127,2011.88
75,26,396.97
28,146,664.11
70,35,160.04
25,246,5149.92
334,19,219.52
68,99,693.32
87,23,428.89
49,27,164.34
52,40,276.75
63,97,675.51
35,215,1082.33
112,72,1154.4
47,195,1585.46
334,23,417.69
63,44,544.18
196,13,177.34
139,19,213.85
53,78,727.74
275,19,257.23
82,92,1638.47
46,59,5764.091499999983
28,71,2031.78
122,11,3070.42
47,145,2118.93
56,186,1547.3600000000001
90,62,1071.03
59,63,949.12
75,99,804.3
38,8,122.64
97,40,1033.34
238,57,312.28
54,28,519.44
39,146,2624.26
143,5,252.1
32,78,1648.1200000000001
279,23,346.6
39,96,1836.34
58,6,111.123
68,63,1095.08
66,166,2707.33
137,56,932.97
187,49,379.65
33,16,382.14
32,108,2639.17
228,103,1563.0
108,52,881.26
202,13,189.47
83,12,111.123
172,83,299.05
25,308,5764.091499999983
73,9,218.55
98,25,349.7
324,6,186.39000000000001
41,60,387.44
174,25,486.82000000000005
174,16,232.6
25,194,3719.12
40,57,827.83
210,4,111.123
308,29,111.123
25,39,3119.44
205,8,111.123
86,6,910.0
82,9,172.25
47,53,1488.32
26,308,5764.091499999983
54,90,2504.13
61,12,151.29999999999998
178,14,308.58000000000004
49,194,2248.63
334,4,111.123
28,134,2308.06
30,28,711.86
325,20,330.79
290,48,806.41
294,49,285.33
26,308,5764.091499999983
54,8,180.48
241,13,252.06
269,10,228.84
304,104,1077.39
292,21,138.28
55,102,1445.01
269,12,306.55
38,60,1041.68
139,43,799.9
59,28,524.14
154,85,2375.41
240,6,199.85000000000002
72,104,1980.56
61,42,1079.6599999999999
51,20,333.48
59,63,1016.14
158,43,752.6
242,38,610.59
51,33,491.86
47,195,2883.54
28,190,729.8
223,30,339.59999999999997
41,4,216.9
263,23,350.75
94,34,668.4300000000001
39,308,3107.87
25,41,1341.6
118,63,1080.52
185,25,300.04
334,4,111.123
118,28,948.25
76,24,1647.26
311,9,296.25
147,75,1175.38
310,35,741.26
174,12,282.59999999999997
26,308,2108.06
25,142,5189.52
34,117,3190.55
56,25,659.4100000000001
77,57,286.79
73,70,1070.65
241,7,306.72
86,15,1714.96
93,207,1519.42
25,308,5764.091499999983
25,135,2796.51
87,119,2634.45
56,173,1122.63
104,22,345.0
25,197,5764.091499999983
126,9,178.7
30,57,360.01
273,17,127.84
35,113,908.86
32,31,2462.79
334,7,230.39999999999998
98,31,309.04
27,45,348.8
150,11,1516.0
89,13,195.55
25,308,5764.091499999983
139,39,688.86
332,33,558.32
89,23,324.8
161,60,4599.42
278,17,277.07
53,135,2588.39
75,13,924.6
86,10,256.38
334,7,112.6
28,76,1747.66
328,12,155.05
51,33,1427.01
206,11,742.5
65,33,485.0
62,65,1168.8600000000001
115,57,1579.12
45,173,3667.36
46,26,499.67
52,22,328.98
324,36,1140.35
167,59,385.64
28,96,632.0
41,40,957.66
55,46,1698.94
199,10,189.5
80,92,409.8
45,15,209.49
39,72,2198.45
42,4,111.123
182,28,383.85
48,55,834.57
234,18,266.59000000000003
28,165,674.82
275,4,111.123
81,206,3385.62
34,20,361.62
87,9,312.98
47,55,865.0600000000001
115,5,1255.0
74,101,1537.95
152,93,1595.48
118,81,2651.46
80,23,1090.14
31,110,5764.091499999983
191,14,388.5
80,11,216.17
334,28,201.16
25,76,1245.9
41,139,2209.36
270,20,305.78
81,30,501.56
97,7,145.67000000000002
54,60,1005.09
30,33,3192.54
146,304,3083.65
25,115,2770.94
45,308,5764.091499999983
142,23,389.6
334,18,540.45
76,104,1786.79
86,7,122.7
109,4,117.24
77,35,1271.57
44,165,3219.77
26,178,5764.091499999983
25,65,1191.13
33,142,2674.48
30,59,787.6
212,28,506.8
94,16,243.56
227,19,349.55
142,39,595.67
115,15,416.90000000000003
25,110,1883.8100000000002
49,27,632.97
320,21,821.1
46,27,564.62
51,118,2593.07
73,17,311.16
334,12,155.93
39,19,388.52
206,43,740.95
95,149,2867.2
60,26,332.64
102,122,2369.55
80,148,2580.91
34,33,626.45
72,18,272.04
72,30,1212.8400000000001
82,26,348.81
334,7,172.25
76,20,351.13
25,117,1838.8500000000001
115,41,678.25
46,11,223.85000000000002
97,21,348.99
33,27,464.57
192,9,842.65
80,17,337.34
118,58,1237.53
317,16,307.4
132,23,608.7900000000001
286,31,922.1
202,26,376.58
192,9,158.85
58,7,111.123
46,45,568.55
40,49,839.14
44,45,5112.96
102,11,561.5699999999999
88,5,111.123
334,4,111.123
25,160,2427.32
34,35,745.06
199,39,674.45
240,137,3251.071
30,20,3515.68
25,25,439.92
177,33,322.96
28,147,1019.27
102,90,594.04
44,12,230.22
44,11,169.55
331,35,664.54
168,4,111.123
30,308,5764.091499999983
41,149,2758.26
93,15,190.25
310,11,264.7
72,28,413.59000000000003
54,308,2461.2400000000002
229,10,357.98
37,15,196.79000000000002
96,54,869.87
83,11,200.14
62,111,1871.81
52,107,2603.43
49,16,920.51
27,308,5764.091499999983
40,13,320.46
42,234,4147.96
88,41,1266.08
236,16,311.3
35,82,852.88
53,5,111.123
65,121,3466.36
26,148,2274.14
38,86,1393.69
33,208,3901.81
234,15,635.66
68,39,2043.0800000000002
157,47,529.73
66,171,4582.64
32,84,2874.72
138,30,962.19
221,42,695.61
300,11,328.8
133,34,473.02
100,39,505.18
75,20,917.34
184,161,4341.21
69,66,1421.61
39,39,642.8
178,22,631.9
248,28,440.0
30,31,584.07
144,16,327.7
83,6,111.123
86,15,467.66
41,242,2358.84
30,250,5764.091499999983
25,143,2975.59
45,86,648.89
51,66,1428.02
307,38,626.65
199,28,147.20000000000002
101,92,1560.38
56,6,152.2
63,229,3560.32
289,21,141.41
49,206,646.42
132,6,1659.75
307,14,154.99
31,32,1308.6100000000001
328,85,409.93
39,308,5578.72
54,54,746.36
25,210,5764.091499999983
42,56,225.36
147,4,260.25
88,6,111.123
129,10,725.6400000000001
25,308,5764.091499999983
46,283,5764.091499999983
289,8,183.6
27,202,5764.091499999983
32,111,5764.091499999983
52,77,1334.34
289,7,152.55
86,52,374.7
334,24,265.85
26,308,1437.57
55,13,151.04
27,43,942.26
152,44,118.67
63,42,499.41999999999996
124,65,1049.37
147,12,375.1
55,4,111.123
325,150,921.62
334,29,182.25
27,177,1002.9
25,308,4421.29
25,68,191.47
33,308,5764.091499999983
79,13,158.75
334,4,111.123
30,214,4076.91
35,100,433.86
27,308,5764.091499999983
59,21,147.35
39,250,3104.17
160,25,191.95000000000002
96,35,5764.091499999983
28,58,1105.8799999999999
177,21,216.20999999999998
262,74,1266.23
74,123,2703.23
53,34,597.91
95,9,144.2
26,155,5683.15
37,10,692.85
45,160,2915.15
26,34,1840.42
296,15,386.53
42,72,1382.74
166,4,111.123
26,159,2780.15
107,5,419.58000000000004
33,166,2720.63
30,15,706.1300000000001
145,44,709.71
83,46,637.5
25,52,1123.8600000000001
334,66,480.91
25,200,3586.0299999999997
152,28,605.64
25,134,4690.31
25,46,965.8800000000001
69,26,415.82
26,66,935.05
25,40,915.13
334,22,311.81
156,7,115.8
69,11,3742.2
31,210,4191.0
101,5,483.4
256,4,157.2
243,28,446.62
58,26,658.64
98,49,621.29
262,52,1345.62
289,6,118.75
32,308,5764.091499999983
42,46,424.89000000000004
63,41,507.66
42,308,4630.35
238,104,1097.6200000000001
196,25,289.36
110,52,2445.91
93,29,1631.77
298,24,120.44
62,50,562.59
121,58,363.79
33,29,450.84
56,26,134.46
82,149,3222.3
320,31,576.9000000000001
109,41,549.46
31,308,1600.26
63,157,701.57
33,240,4748.52
89,24,452.89
334,4,197.65
53,65,2054.36
25,265,4654.08
25,259,4684.76
90,42,853.39
27,308,5764.091499999983
224,7,1012.0
129,6,335.52
41,39,701.4
241,4,185.39999999999998
83,37,747.44
25,39,150.61
39,24,466.7
262,20,328.15999999999997
117,10,151.74
33,87,2073.43
128,102,1905.8400000000001
76,112,2241.1
112,9,1070.48
53,67,1004.38
34,108,1789.72
26,59,1839.3
25,100,2004.98
65,12,169.48000000000002
27,7,111.123
270,21,632.4
65,193,3432.8
200,41,683.17
115,60,991.13
133,113,1009.73
51,66,2214.79
49,175,3350.96
74,40,1547.2
206,50,925.71
65,115,2048.07
72,35,1462.72
45,147,754.12
98,79,3144.86
103,15,490.86
334,9,161.0
334,8,146.85
66,112,2380.85
53,42,890.34
206,10,213.70000000000002
257,16,280.55
31,141,2588.77
242,108,1693.45
133,75,1474.06
301,20,136.76999999999998
334,8,302.58
30,111,1904.05
25,78,2879.7000000000003
283,53,969.0600000000001
87,106,3099.7200000000003
32,111,5764.091499999983
164,5,120.0
73,52,1163.45
31,143,2618.23
177,17,333.97
132,31,530.18
185,55,1516.24
334,29,492.65000000000003
248,10,112.32
96,33,437.96
74,29,559.97
121,64,1119.74
38,221,4152.0
219,8,134.04
26,154,3701.44
53,32,595.25
44,27,1910.01
46,280,4628.75
31,9,176.63
236,16,426.6
31,47,911.26
34,101,2314.65
25,237,3883.25
30,100,4871.93
26,61,1046.56
63,5,166.20000000000002
40,62,1305.33
31,308,5764.091499999983
31,143,3965.62
41,4,111.123
140,13,640.14
245,17,383.45
94,105,1858.96
74,33,2093.32
111,180,2995.72
31,117,2352.53
265,20,310.26
69,87,1611.59
129,8,120.0
67,101,2481.13
87,24,508.58000000000004
229,31,477.79
33,123,1530.75
137,36,605.0600000000001
265,8,183.85
186,12,311.65
40,258,4975.24
147,28,462.65999999999997
45,25,840.21
90,15,415.2
39,162,2552.21
39,60,454.86
39,90,1614.91
184,31,588.22
265,14,309.52
241,6,134.7
68,128,2166.98
44,21,668.5600000000001
150,71,889.9300000000001
61,6,111.123
143,60,1021.58
283,18,409.57
33,31,133.5
297,18,282.93
187,4,111.123
180,47,1078.96
238,6,111.123
28,9,163.62
334,11,174.4
102,33,701.23
66,40,225.12
42,55,912.18
54,117,2118.03
45,37,151.5
131,69,3717.35
31,308,5764.091499999983
334,8,155.0
318,4,111.123
334,4,111.123
208,66,235.56
214,11,617.05
67,46,348.1
75,56,202.68
49,126,615.49
61,59,1247.69
32,14,202.11
319,7,142.4
55,139,1727.6
33,186,3212.84
88,45,1043.46
33,284,4642.57
241,5,111.123
25,308,3479.91
88,73,487.99
25,87,2612.96
172,25,574.7
27,182,4051.48
153,20,1475.81
56,100,1449.32
142,8,156.75
130,72,2142.73
33,106,2599.03
94,54,2059.4500000000003
115,189,1100.27
333,14,1063.0
65,43,770.03
334,22,121.05
114,97,1496.98
25,308,5764.091499999983
45,14,490.22
26,124,1937.25
33,202,1051.79
122,29,387.52
80,27,813.11
25,222,4263.64
241,4,265.2
40,4,322.08
46,224,4481.67
73,17,363.34000000000003
30,137,1224.06
325,17,470.36
32,308,2248.5
44,12,1372.8
121,9,111.123
334,5,111.123
329,9,131.9
334,32,2661.24
31,55,2357.6800000000003
25,51,1712.89
227,63,1589.82
76,93,1420.2
25,277,1010.35
41,70,1163.23
32,20,375.35
41,250,885.8
203,40,483.25
83,105,643.9
33,60,259.05
213,22,119.93
28,308,3017.28
333,4,113.64
178,37,1837.92
133,16,434.34
171,180,2103.06
89,233,1980.57
121,6,529.62
269,123,1038.44
52,72,2272.4
40,89,596.26
34,43,461.19
126,265,1852.67
97,7,234.34000000000003
69,29,547.66
94,42,925.85
280,17,193.0
42,10,1309.6
276,18,316.25
34,13,279.05
187,30,636.51
41,137,2022.81
304,9,137.1
73,14,321.92
61,46,162.8
49,140,1165.48
90,46,1064.28
230,30,463.38
198,17,340.93
30,120,2383.2400000000002
48,7,139.56
73,6,123.8
334,19,538.8100000000001
332,29,475.37
65,193,1957.32
49,190,808.44
111,7,356.85
206,10,251.21
42,308,2429.83
26,164,3543.26
70,107,673.26
40,308,5764.091499999983
40,295,1960.65
46,95,1367.88
45,55,268.05
34,68,1314.81
210,23,275.28
123,12,455.59000000000003
84,69,990.2
40,98,2076.89
56,18,330.45
87,16,174.37
25,4,270.6
47,17,974.54
131,12,241.09
54,197,1843.83
42,282,4215.9
25,308,5764.091499999983
60,18,364.21999999999997
83,213,578.61
48,213,2862.11
259,64,932.85
47,62,1949.72
25,308,4397.3
83,308,2854.84
282,18,170.95
80,10,355.56
87,19,388.25
38,32,537.48
32,71,952.66
81,105,1453.35
208,5,111.123
51,70,3594.73
47,111,2004.3
28,308,2573.93
26,308,3974.75
173,4,652.8
334,56,289.24
33,47,757.37
41,10,186.23
174,57,164.22
42,113,859.27
33,203,2279.4900000000002
80,19,312.54
108,16,788.38
30,74,2237.77
98,69,1080.76
26,308,5006.77
118,127,3099.12
133,4,1432.0
79,33,1530.3600000000001
25,12,227.39
303,29,218.06
26,262,2804.54
202,227,1639.82
334,4,111.123
35,123,859.71
26,24,168.63
39,17,138.6
63,6,114.11
28,302,986.96
192,98,1033.06
73,29,157.05
299,19,237.36
41,308,1580.29
334,4,111.123
38,176,1320.21
58,158,557.94
44,151,617.15
30,52,363.33
42,102,1740.6
34,47,866.24
67,50,221.97
328,25,393.33000000000004
33,7,213.96
297,4,660.0
25,308,5764.091499999983
38,81,5764.091499999983
27,20,1785.15
95,4,601.56
265,4,406.08000000000004
32,16,553.44
268,20,394.44
228,26,412.78000000000003
25,92,1788.3600000000001
207,21,320.58000000000004
55,133,886.7
80,13,225.85
219,53,899.63
46,122,2791.27
114,24,671.96
27,150,955.26
73,41,1006.98
285,8,114.56
289,20,344.90000000000003
59,28,609.85
73,16,443.6
75,172,2984.49
47,105,2107.38
44,7,111.123
81,4,111.123
193,31,693.8100000000001
90,26,830.76
179,30,597.09
25,308,5764.091499999983
224,28,236.04000000000002
27,186,1402.59
90,101,653.75
100,29,114.18
25,234,1926.65
31,49,1932.23
192,80,291.05
40,126,848.22
28,29,247.15
31,253,2529.93
109,30,285.74
49,4,111.123
51,157,741.37
42,98,636.24
83,90,1835.7
47,14,195.25
33,308,5764.091499999983
264,166,1259.24
303,123,392.86
257,61,765.55
26,74,1736.4
39,97,596.36
54,42,2548.2400000000002
48,258,5764.091499999983
94,7,498.95
210,4,111.123
48,308,1201.51
129,15,628.38
30,308,5579.1
231,13,112.8
67,48,355.05
53,71,2114.33
160,68,591.55
287,8,172.9
27,130,2078.95
241,22,188.60999999999999
25,200,1217.27
237,8,111.123
55,112,2195.1
33,308,2526.09
25,308,3251.79
37,22,318.17
34,308,1493.96
221,4,179.0
25,28,1126.37
38,196,4921.04
37,136,599.48
33,308,2839.62
52,25,917.07
32,308,2662.2
47,10,160.19
47,71,867.38
66,51,307.51
25,235,1581.84
28,37,663.81
170,28,180.42000000000002
33,259,1122.3600000000001
47,47,655.58
297,10,268.58
334,71,313.49
25,308,1897.57
70,45,380.02
31,147,2702.4900000000002
39,202,5764.091499999983
26,193,5764.091499999983
26,17,1164.55
65,54,1314.45
27,60,3902.28
220,89,1448.21
34,59,1400.34
39,26,1099.98
135,69,1220.26
272,18,328.2
52,89,1415.75
66,5,389.64
110,30,563.15
67,41,638.05
32,235,5010.28
38,38,738.96
98,19,420.5
167,71,1484.06
27,102,1625.97
320,5,111.123
81,11,255.9
286,21,300.52
69,6,278.3
52,39,254.11
31,135,2473.37
40,5,192.60000000000002
25,308,5764.091499999983
255,52,876.42
135,9,139.26
81,60,1011.9
74,117,2538.3
150,35,730.86
303,41,386.15
77,27,447.68
334,6,200.10000000000002
49,15,289.99
33,4,111.123
30,30,679.4399999999999
51,6,197.64
39,46,745.06
86,4,111.123
44,14,228.99
25,80,1319.91
189,6,131.45000000000002
25,308,5764.091499999983
75,12,173.74
74,13,157.7
70,308,4331.79
84,57,189.34
185,44,845.55
31,12,353.27
38,46,546.4
98,11,193.39000000000001
62,231,2718.6
63,254,2085.33
334,29,152.88
59,53,778.5
220,4,271.85
223,63,1110.34
96,48,657.8
87,13,272.07
44,29,507.29
334,4,111.123
203,70,321.43
33,29,1127.71
26,120,2221.01
219,17,2139.76
52,42,697.55
76,39,188.88
40,67,1720.3
33,6,111.123
112,108,1649.5
290,4,111.123
76,138,3295.76
66,145,2824.69
86,130,3189.81
171,13,309.4
44,308,5764.091499999983
334,21,325.75
46,28,511.35
81,143,2836.69
47,9,475.8
101,126,2740.03
142,20,645.65
59,65,1290.53
82,60,1173.12
35,58,1353.74
42,11,170.32
75,6,125.79
48,48,841.1999999999999
52,11,266.76
30,4,111.123
33,98,5764.091499999983
208,36,710.28
26,144,2953.59
31,70,721.45
284,13,327.25
26,93,501.28000000000003
233,28,519.68
130,47,1465.3200000000002
35,122,1476.09
100,46,690.59
42,17,255.4
49,11,589.7
41,53,761.59
154,15,765.3199999999999
275,18,364.8
102,6,1862.0
230,20,369.2
334,10,135.9
276,7,125.65
171,33,554.38
32,73,1237.8500000000001
108,23,655.75
30,308,5764.091499999983
227,43,468.77000000000004
30,55,1366.38
46,109,1269.31
34,96,1421.29
48,20,332.66
44,308,2795.33
25,69,1025.44
180,17,616.15
26,165,3501.1
97,9,277.8
25,30,434.35
25,308,5764.091499999983
39,27,867.85
58,87,1227.43
114,12,307.48
93,77,1268.98
138,45,1610.15
235,57,977.77
53,78,1316.07
73,44,749.1
268,10,310.05
55,11,223.88
131,127,2362.96
27,41,1257.68
334,17,363.53
104,87,1890.94
320,10,1784.71
56,308,5764.091499999983
79,34,1621.88
52,170,5764.091499999983
37,4,111.123
95,14,290.82
46,63,1101.97
42,19,371.2
102,20,311.69
82,138,5764.091499999983
48,54,285.67
35,77,294.85
276,12,111.123
170,41,483.72999999999996
87,59,695.42
31,27,221.27
33,308,5764.091499999983
293,5,126.7
32,192,1472.34
270,13,206.21
119,81,596.09
37,36,183.02
72,6,463.8
53,37,147.59
91,34,1592.06
58,155,1097.98
151,18,114.77
130,32,1314.45
60,17,111.123
80,11,279.94
80,71,775.86
95,214,1921.3700000000001
269,8,111.123
42,39,202.37
221,83,292.01
38,4,326.4
234,40,334.54
61,60,231.98000000000002
69,26,546.1999999999999
193,74,414.87
70,77,490.52
138,115,1641.76
170,154,1220.77
38,308,5764.091499999983
74,132,480.38
182,12,156.91
35,180,1259.43
58,20,308.94
76,122,405.04
66,33,257.67
195,20,170.04
56,20,125.58
61,31,496.21000000000004
289,66,252.81
31,308,1871.77
34,121,852.39
26,308,5764.091499999983
32,152,1636.43
56,67,361.96
103,61,469.0
53,35,1066.1499999999999
31,48,627.13
94,7,518.28
27,110,653.19
279,52,4959.1
27,308,2557.18
38,308,4274.16
112,27,252.73000000000002
95,119,429.56
81,125,685.74
32,308,5764.091499999983
193,66,179.93
222,5,135.93
54,4,537.0
42,308,5764.091499999983
174,12,735.66
32,201,5090.42
292,22,343.62
88,94,381.0
296,4,121.17000000000002
48,76,1737.69
46,142,1383.3600000000001
334,28,207.73000000000002
27,69,693.95
35,114,302.1
298,25,1489.5
48,266,2102.54
63,237,1337.72
31,115,294.25
26,308,5764.091499999983
94,57,987.86
236,5,370.79999999999995
60,155,3158.13
76,42,893.59
101,82,1744.76
69,104,553.36
202,70,1109.53
334,4,111.123
116,26,982.07
32,54,1043.41
128,41,735.67
100,27,773.03
195,49,880.85
30,308,5764.091499999983
235,47,895.61
45,33,504.8
279,5,111.123
304,15,306.94
44,57,1160.07
33,145,2420.84
331,23,381.32
90,30,480.71
238,26,457.81
41,108,4597.02
126,47,1370.6
65,11,219.39000000000001
27,25,248.08
205,4,5764.091499999983
107,23,410.48
334,4,876.0
31,8,317.53
54,35,703.36
219,67,993.54
41,101,2298.93
40,100,1422.52
334,16,319.5
164,57,1159.25
268,28,484.95
46,35,996.1
52,84,1567.48
32,97,3509.43
53,197,2760.56
41,21,340.11
40,45,1352.75
37,79,1551.78
157,4,244.8
268,14,266.4
156,21,358.82
73,28,457.72
137,82,1633.78
30,106,2199.31
45,15,184.19
48,127,5764.091499999983
88,16,406.53
83,102,1471.0
73,84,3447.4
192,22,330.11
41,52,977.9300000000001
150,29,982.42
37,73,1387.99
262,9,139.05
25,68,1286.7
262,13,178.96
75,80,2354.25
69,26,498.74
248,14,259.45
31,217,5764.091499999983
27,67,1194.73
187,91,1327.16
263,28,623.5
33,20,301.29
156,23,520.8000000000001
40,308,5291.33
32,271,4745.69
54,22,329.25
98,71,254.28
25,55,961.49
26,125,1936.07
68,7,401.40000000000003
25,308,5764.091499999983
334,4,158.16
41,29,304.47
91,101,824.58
334,27,487.75
334,39,158.8
48,5,111.123
334,5,1289.5
31,110,1624.05
334,11,135.75
94,23,224.14
283,4,111.123
41,93,2206.95
334,6,111.123
89,16,689.4799999999999
177,29,622.85
52,62,402.2
93,21,310.62
37,19,411.41
25,90,4762.18
25,212,5764.091499999983
142,51,1044.32
83,19,499.32
26,308,5764.091499999983
25,4,3861.0
33,32,1079.6100000000001
115,10,193.64
82,13,1268.7
110,69,1236.54
48,142,1827.8
334,9,316.58
108,37,653.24
33,9,420.29999999999995
25,42,870.12
248,20,331.18
83,52,894.4100000000001
264,5,111.123
334,24,328.35
25,110,1661.44
69,35,734.94
110,4,111.123
33,166,5756.89
199,9,305.75
74,117,1778.96
334,5,403.25
334,5,585.0
248,20,755.75
334,14,322.08
257,23,409.40000000000003
333,8,154.41
59,58,1219.4
89,125,3386.71
262,23,429.6
136,31,612.06
299,14,197.0
240,143,2247.51
321,15,321.05
25,99,1412.32
52,50,1071.99
33,49,780.59
67,78,1706.57
89,110,1756.44
97,22,316.68
88,34,631.57
157,89,2515.84
261,33,514.15
145,6,356.0
54,308,5764.091499999983
32,111,5764.091499999983
59,44,740.78
39,53,918.1999999999999
150,18,300.36
89,47,890.85
171,6,111.123
306,7,317.15
191,34,623.16
123,77,1810.77
158,19,254.82
334,10,178.95000000000002
129,12,156.51
87,23,393.74
174,82,1506.1200000000001
334,6,119.3
45,11,1717.36
46,4,408.8
38,41,2379.49
30,264,2493.34
80,63,721.94
27,47,716.57
60,41,615.14
89,49,128.63
69,12,255.89999999999998
334,19,290.51
195,16,113.12
81,139,2332.15
72,4,240.55
45,20,486.69
66,88,2306.52
52,58,939.78
27,204,5764.091499999983
48,103,4668.3
224,24,178.39
73,194,3672.86
33,39,641.94
25,192,4799.9
90,7,4507.01
87,28,496.44
73,242,5049.95
313,31,574.02
83,23,694.4000000000001
87,58,1174.35
118,12,205.3
297,19,310.47
25,308,5764.091499999983
98,47,924.85
133,4,111.123
222,24,327.97
87,37,570.5
334,4,165.0
26,33,312.62
306,16,204.5
67,36,267.13
93,95,2748.31
108,42,679.68
126,48,161.74
334,29,311.71
75,10,208.75
62,57,1049.7
55,13,714.96
334,35,1661.06
231,16,1028.56
179,98,350.82
76,35,170.22
89,86,574.07
103,17,2020.52
152,24,406.09
110,21,364.5
25,26,563.94
68,20,393.54
334,17,252.42000000000002
334,5,201.60000000000002
95,9,158.04
181,71,463.90999999999997
334,5,115.65
35,219,1934.66
277,61,770.12
52,14,277.05
54,308,2718.03
27,308,5764.091499999983
62,13,427.93
334,7,418.92
334,16,326.0
118,29,913.19
48,114,2314.32
98,44,602.51
80,95,1877.59
44,4,446.94000000000005
63,94,2386.05
160,27,2007.3999999999999
31,132,2415.91
151,4,168.0
63,116,1221.56
192,194,3703.29
31,36,1690.2600000000002
236,8,596.85
37,302,5764.091499999983
192,41,642.41
63,12,316.88
209,31,394.14
293,10,140.54
195,4,500.0
27,84,1535.53
39,12,231.86
32,85,2183.54
334,7,111.123
135,14,288.18
312,6,111.123
39,73,1345.53
25,50,815.77
115,12,716.2
171,42,626.77
212,8,349.1
54,53,510.71000000000004
56,148,1046.74
287,34,267.18
107,122,3450.84
49,98,1348.93
194,10,190.53
32,39,774.9000000000001
334,47,559.61
87,192,3984.32
108,28,508.8
47,8,135.86
81,53,950.36
334,6,111.123
61,4,111.123
277,17,383.34
42,275,1404.07
56,292,1430.54
38,6,111.123
49,82,397.35
46,10,171.19
236,41,533.3
31,55,1041.48
45,29,149.29
35,291,1067.75
285,45,200.16
154,25,156.57999999999998
77,62,383.68
271,4,594.0
25,308,3213.59
32,214,1411.21
287,5,113.5
334,9,155.17
334,28,494.64
49,60,974.52
53,30,429.84
52,56,528.48
25,279,1371.77
334,25,179.1
306,58,434.59000000000003
285,58,237.07
48,7,161.64
334,56,214.26
117,11,234.6
52,7,126.14
334,155,1044.65
42,97,5764.091499999983
108,57,334.53
32,52,524.88
74,24,467.51
73,24,538.55
25,73,454.48
136,76,371.56
37,11,1771.2
100,29,454.10999999999996
63,44,1399.92
139,45,905.5
38,97,5764.091499999983
184,84,225.26
25,187,3590.41
53,85,2564.5
115,4,111.123
45,50,1134.28
118,154,3100.09
51,35,659.4599999999999
55,289,1953.41
44,122,1280.58
40,15,1262.2
25,308,5764.091499999983
31,68,1131.56
38,213,5764.091499999983
334,66,141.04
104,13,111.123
75,97,3610.96
45,161,972.08
194,45,475.86
212,92,1000.27
334,4,250.0
34,158,900.53
178,7,121.0
56,308,5764.091499999983
35,166,4023.7200000000003
67,15,111.123
256,27,267.03
87,210,1921.55
25,18,343.5
63,185,3000.2
55,56,397.99
107,10,412.01000000000005
47,4,440.0
25,156,734.37
56,4,148.44
41,162,2428.53
277,26,229.33
45,308,3962.6
44,107,1497.31
31,219,1972.39
48,251,1564.73
42,83,807.57
196,72,502.9
186,24,111.123
30,41,538.46
34,15,213.3
137,29,111.123
311,28,127.86
32,259,3546.71
77,80,288.96999999999997
30,308,4910.6
100,114,1681.46
27,61,575.63
59,29,436.06
240,17,111.123
83,55,428.93
300,14,217.2
35,308,4794.86
47,31,279.77
51,19,468.91
34,27,800.59
334,4,134.55
45,113,1400.44
73,8,173.16
41,7,186.01
25,53,758.29
126,31,1375.71
30,308,4148.82
34,57,650.4300000000001
27,212,2533.42
54,97,591.1899999999999
200,152,675.64
60,43,921.37
174,39,258.88
185,13,127.1
91,48,327.6
143,146,3675.77
47,44,682.9100000000001
46,122,720.86
199,31,455.3
73,9,913.6800000000001
278,29,478.53000000000003
69,24,388.58
93,5,199.8
38,103,1771.78
123,77,1406.59
58,22,324.57
76,14,240.68
49,52,761.74
34,308,5764.091499999983
31,46,1297.8700000000001
101,4,111.123
75,17,216.39
59,67,1198.23
84,77,2920.16
334,13,111.123
51,60,1093.68
207,16,298.48
74,6,112.46000000000001
32,41,1570.45
59,6,195.15
33,308,5764.091499999983
55,45,776.851
33,4,336.40000000000003
79,100,1553.18
27,16,1293.03
66,185,3709.56
164,19,301.03
139,34,588.13
126,64,1534.26
97,49,675.8
27,155,2870.2400000000002
68,60,1186.35
38,167,3285.31
40,15,243.55
112,25,724.76
75,15,223.36
157,25,425.32
27,308,5764.091499999983
128,119,1887.2
214,33,664.0
189,232,803.54
41,52,612.01
180,35,447.64000000000004
227,24,639.5
334,4,816.0
59,32,646.3
114,21,337.74
115,6,877.4399999999999
32,21,922.53
266,34,560.67
68,47,748.5
45,4,111.123
213,48,1024.1000000000001
66,11,306.45
48,90,1600.86
334,5,309.8
129,9,138.14
73,17,386.43
191,115,2222.21
62,13,301.32
240,4,111.123
63,33,684.34
319,12,173.05
41,78,2657.13
111,138,2726.23
96,114,2446.6
104,21,323.69
41,202,3435.76
72,33,657.23
75,12,352.7
47,110,781.28
32,78,1333.68
48,53,1426.16
140,10,193.75
31,166,2993.1
142,9,254.1
27,19,239.76
275,4,136.8
51,12,191.04
25,77,5764.091499999983
289,22,409.98
56,168,2711.11
40,18,309.65
195,86,696.68
25,230,1529.0
287,5,211.5
163,117,2293.62
224,6,143.1
86,55,1060.56
58,205,916.98
63,273,3235.25
306,6,133.25
32,53,1072.3600000000001
166,19,356.7
34,34,330.03000000000003
168,117,1101.1100000000001
257,7,150.3
55,308,5030.07
47,128,598.73
34,84,471.40000000000003
58,67,2211.21
334,38,190.7
224,11,218.25
38,32,415.25
39,301,5159.06
235,5,111.123
88,70,1120.88
235,14,294.12
305,10,162.3
137,26,1339.45
37,71,1188.1200000000001
41,173,4812.42
89,8,449.12
72,9,154.88
39,86,775.96
100,4,111.123
42,62,1094.59
157,28,196.88
35,90,946.64
63,20,144.36
258,10,5764.091499999983
25,291,2463.05
62,308,2626.6
327,4,111.123
74,28,458.57
33,141,2364.25
84,191,528.01
88,45,714.42
47,9,205.25
241,7,253.04
88,37,583.75
54,61,1086.92
111,180,3279.97
87,11,315.06
138,27,621.8299999999999
30,130,5764.091499999983
28,10,635.6800000000001
91,25,270.8
268,7,111.123
156,18,241.62
264,21,1047.11
206,29,475.28000000000003
48,20,345.46
32,43,2614.7400000000002
33,14,246.3
55,83,2328.9700000000003
69,266,4919.0
49,200,933.26
334,25,351.3
33,34,218.75
66,75,1612.69
37,12,965.61
172,42,610.01
25,132,2708.61
136,8,2207.4
98,98,884.14
130,117,696.89
69,64,1063.95
165,4,451.42
74,8,415.82000000000005
25,262,4206.39
46,299,5488.18
69,31,784.58
73,48,903.9
329,195,3651.27
59,35,515.77
101,89,1391.98
45,133,2218.62
130,41,1801.14
230,40,1303.9099999999999
39,72,1945.33
86,49,2100.6
72,123,1905.45
334,17,206.98
67,62,570.96
26,33,885.47
334,4,111.123
195,20,532.94
79,68,1654.31
96,115,1836.0900000000001
122,51,636.14
60,39,576.0
81,66,794.64
277,54,836.79
93,269,2225.15
67,50,954.09
73,10,137.37
87,24,391.98
34,167,5764.091499999983
56,62,1048.49
81,27,355.56
95,47,1224.06
326,8,118.95000000000002
69,11,130.73999999999998
40,138,3711.77
61,22,389.27
42,93,234.88
209,22,160.71
74,30,111.123
27,138,2969.12
159,80,712.24
27,308,5764.091499999983
41,14,297.0
38,188,1427.57
63,139,965.16
35,308,3146.92
31,147,832.88
48,18,111.123
45,20,1936.3200000000002
63,40,895.13
124,43,211.89
28,308,3810.14
300,15,149.64
55,74,351.44
37,108,316.25
86,120,4405.88
25,126,490.33
334,96,329.03000000000003
334,29,501.39000000000004
221,23,516.36
25,49,396.48
116,17,364.35
83,12,181.09
103,12,168.31
179,85,420.07
249,60,511.68
276,37,258.25
172,11,179.17
217,22,208.59
25,84,1383.83
334,4,111.123
46,47,337.28
39,111,351.73
32,74,5126.76
31,30,164.68
42,150,1567.69
26,226,882.72
196,7,191.94
25,266,1228.88
201,19,264.62
39,151,1502.8600000000001
270,12,123.1
213,40,334.23
42,122,525.69
177,60,167.5
195,24,323.03000000000003
334,11,369.5
334,21,127.08
217,12,207.15
90,21,426.63
27,115,2495.87
44,74,1107.46
262,12,416.86
87,7,145.35
135,18,404.58
112,76,5764.091499999983
334,4,111.123
156,14,337.44
299,6,325.1
334,4,181.0
105,29,1708.24
31,60,955.24
39,19,364.72
54,97,1744.71
31,41,708.22
56,84,781.91
38,97,1657.28
47,183,4416.26
54,42,428.89
97,7,111.123
42,28,470.76
40,111,808.87
46,80,397.68
25,20,666.1
326,11,314.1
40,34,4194.9
334,4,307.82000000000005
62,176,3442.15
107,24,371.01
188,96,427.64
40,65,1054.73
100,49,1098.78
111,43,2398.86
47,97,3408.48
45,112,1465.12
25,258,2780.63
146,37,1142.42
53,14,168.12
35,128,1432.77
42,26,156.78
67,52,792.11
26,4,111.123
31,308,2777.67
77,32,414.27
111,127,1032.58
59,308,3080.22
25,9,5764.091499999983
52,103,2735.37
35,201,578.71
234,8,111.123
70,308,1693.81
46,33,478.78
45,82,972.11
268,79,392.4
31,210,3352.96
58,94,1415.29
26,139,5764.091499999983
60,138,646.83
26,181,704.55
26,224,1465.51
70,32,211.88
62,28,408.90000000000003
69,160,3786.2400000000002
39,46,851.01
283,71,602.63
69,101,719.81
35,63,251.03
52,28,439.65999999999997
66,32,236.09
114,16,934.62
61,240,5764.091499999983
332,29,331.24
115,98,547.9
28,308,5764.091499999983
219,22,437.7
110,55,758.92
292,39,855.02
30,26,471.78000000000003
88,65,1313.55
53,6,3166.4
45,70,1177.47
60,39,773.99
142,83,1340.7
334,8,256.44
63,299,1074.81
196,10,137.9
77,34,362.06
55,84,1511.95
168,70,783.9
243,8,134.8
68,66,650.75
39,121,2263.12
88,178,1453.16
32,64,1153.62
283,23,335.32
334,73,367.14
39,101,1521.04
45,33,852.15
67,21,326.24
311,23,584.3199999999999
320,4,122.39999999999999
26,129,2234.73
306,4,111.123
39,21,1352.0
104,10,217.16
79,223,2799.42
123,31,1317.62
322,38,436.18
46,167,981.51
82,39,1121.39
177,18,315.06
137,51,817.86
129,4,111.123
34,63,1078.23
287,12,320.62
263,10,185.04999999999998
110,67,2005.63
73,39,731.9
93,76,1290.7
65,57,1842.14
30,48,1429.64
84,28,298.21
271,13,336.96
88,6,111.123
40,31,3204.1600000000003
107,48,842.5
241,18,611.88
68,308,1320.95
166,16,195.73999999999998
206,30,161.38
193,8,135.75000000000003
32,279,1660.8799999999999
234,34,612.78
212,30,232.21
31,16,423.36
82,30,1309.14
80,204,854.66
96,38,684.4200000000001
74,16,307.78
334,11,249.0
334,13,289.35
52,117,5764.091499999983
62,40,656.25
40,89,1880.22
74,78,3506.54
26,308,5764.091499999983
44,35,618.09
285,21,517.55
82,37,709.38
41,31,635.41
88,35,725.18
111,30,620.4
272,37,535.34
26,117,2424.94
269,4,175.2
31,224,3799.4900000000002
180,29,734.13
156,22,375.0
319,4,111.123
27,18,280.52
65,117,2053.02
291,29,1829.04
72,89,1824.23
31,128,3092.04
38,18,656.69
304,14,348.2
88,20,1025.44
25,308,5533.67
275,4,111.123
255,6,856.6
40,34,822.48
33,98,3787.6
31,85,1822.97
73,125,1885.05
82,4,111.123
118,69,1140.21
38,84,1418.32
149,23,1009.5500000000001
117,58,1037.59
73,15,331.95
161,8,197.9
83,11,215.83
123,162,5764.091499999983
96,11,305.54
95,28,5764.091499999983
90,15,338.71000000000004
87,45,1158.79
39,31,529.41
45,218,4006.94
54,295,5764.091499999983
67,67,981.86
38,11,215.48
63,6,215.08
25,134,5180.52
259,19,314.45
98,15,400.68100000000004
27,172,1068.8700000000001
26,111,1863.47
334,18,365.27
81,35,592.9
46,50,384.18
53,97,757.63
77,63,537.0600000000001
48,19,394.38
67,66,664.26
111,46,2262.62
25,123,5764.091499999983
111,23,547.02
42,41,690.34
101,6,159.0
193,44,1062.75
103,14,242.35
290,37,914.9300000000001
258,15,304.25
52,84,3084.68
59,95,860.86
334,122,773.5500000000001
80,96,1295.3
67,134,1096.32
226,8,255.12
248,6,314.22
110,47,1010.6
212,35,542.03
66,37,990.88
94,22,536.6800000000001
63,45,857.31
101,20,432.2
79,19,414.2
47,135,3718.8
32,308,2590.31
31,292,3579.86
56,51,409.1
234,91,1522.75
46,90,1413.66
193,16,114.56
84,7,152.94
75,69,1800.07
284,24,389.44
89,123,3683.86
39,270,2619.91
289,13,752.4300000000001
199,4,111.123
68,135,5203.51
73,18,1035.45
40,119,728.54
32,258,5447.0
96,61,861.89
94,45,667.65
334,54,1141.24
25,130,1404.64
139,25,411.7
334,65,351.75
219,33,559.87
199,6,810.6000000000001
123,23,566.38
44,106,1502.78
95,17,2062.06
334,11,168.3
28,166,1570.81
54,103,812.68
192,8,142.5
144,17,302.25
44,118,2248.9900000000002
32,79,1328.55
291,20,301.9
45,27,598.2
149,11,233.22
48,162,5360.63
161,22,361.21999999999997
236,41,632.27
60,4,2560.0
129,42,706.57
40,37,616.26
26,16,274.15000000000003
334,14,226.37
87,151,2938.91
142,69,1341.65
58,19,328.15
240,4,404.40000000000003
195,56,1038.46
95,12,373.65000000000003
25,37,326.75
219,4,207.50000000000003
151,111,408.59000000000003
69,18,594.24
28,300,3039.2200000000003
37,308,3820.27
40,39,251.91
51,151,1582.8
30,45,5764.091499999983
59,10,151.05
180,11,214.79999999999998
307,18,111.123
130,141,534.31
47,77,1971.87
98,15,322.41
39,43,328.58
181,4,111.123
67,37,565.46
34,85,847.45
55,222,1415.65
313,9,111.123
44,57,1116.47
334,8,153.9
40,28,494.44
26,94,5764.091499999983
86,39,395.8
220,31,211.77
56,34,658.88
25,109,2027.5
30,66,1750.92
27,308,3450.41
32,104,891.21
55,77,709.99
76,5,111.123
34,52,705.79
40,51,1540.42
41,18,327.3
60,127,800.67
25,69,479.91
41,117,1545.41
105,221,1301.91
56,92,355.73
89,109,466.73
31,122,974.96
290,5,676.2
270,23,362.95
27,108,2157.4
84,31,1743.1499999999999
97,98,643.76
112,33,584.5
83,57,554.86
51,81,302.57
334,4,111.123
76,34,1382.07
292,43,217.89
25,308,3040.96
79,83,1555.34
83,206,1482.06
177,82,1705.8
42,72,408.02
117,29,303.93
25,186,4098.32
287,57,293.45
334,10,177.5
93,23,443.05
325,5,167.25
41,58,154.35
35,168,2079.68
59,231,2022.98
42,44,211.7
76,30,135.99
79,31,262.2
44,7,126.25
67,47,200.27
49,71,1051.4
67,95,631.12
135,50,958.71
40,308,5764.091499999983
47,18,346.12
214,5,133.56
325,21,302.7
25,308,1863.76
286,9,241.06
129,4,284.55
80,6,300.85
236,76,623.28
87,8,287.4
51,17,184.26
52,107,1511.8
28,132,798.35
30,282,3640.67
90,24,381.2
25,171,609.3
69,84,654.67
56,63,230.51
25,4,5764.091499999983
158,34,255.91
221,19,182.99
220,40,707.69
172,11,311.92
110,14,266.97
67,4,111.123
86,99,1841.18
122,110,2158.18
241,9,208.36
25,202,3482.7400000000002
51,132,811.23
200,32,142.92
96,4,136.0
44,82,1422.4
42,230,1298.66
56,146,1595.96
97,4,111.123
46,171,625.42
74,164,752.77
297,13,223.95000000000002
187,18,316.11
30,308,1810.65
111,28,544.3
86,146,2494.46
48,17,331.0
33,35,300.83
98,53,769.29
38,18,220.62
215,19,139.35
196,25,404.3
100,42,363.65
56,29,498.8
69,39,731.5
102,56,1351.63
319,50,826.53
26,88,648.26
31,95,1599.52
72,136,2965.69
184,15,111.123
334,19,365.45
27,11,400.86
129,84,1431.93
48,83,465.88
54,4,777.6
42,4,111.123
319,13,363.7
334,13,248.1
44,159,918.33
27,35,874.59
75,111,1624.14
53,6,111.123
300,17,162.7
84,40,484.32
48,13,215.07999999999998
209,156,1046.57
25,290,5764.091499999983
25,183,5764.091499999983
194,15,290.36
104,14,228.06
26,17,244.41
213,30,455.25
45,77,1244.59
40,4,5764.091499999983
42,176,1082.81
28,31,593.75
133,54,548.12
25,45,1388.81
76,5,119.62
187,4,339.3
313,25,787.15
33,308,4034.9
131,251,2298.97
118,32,922.12
265,17,379.73
186,84,5719.82
65,52,837.1
58,17,285.89
89,207,3313.79
47,11,281.85
25,308,5764.091499999983
49,56,841.41
28,31,511.12
76,19,1077.74
334,4,173.7
38,18,614.66
217,35,865.6
26,5,124.2
38,126,3738.4
49,87,1421.69
150,57,1009.6
107,42,663.61
94,28,451.44
205,9,111.123
136,6,313.62
334,14,233.45
103,28,936.08
271,8,463.95
255,13,225.15
94,33,459.24
91,10,213.5
27,216,4113.68
73,27,330.03
98,53,181.09
84,85,360.16
38,12,250.15
27,7,111.123
308,10,145.04999999999998
27,62,813.52
63,30,242.7
59,29,528.08
97,34,482.47
40,172,3347.71
38,276,5493.46
242,6,111.123
209,10,129.49
55,66,1187.66
93,30,618.59
205,26,506.19
38,33,500.42
258,5,151.85
54,96,2647.59
286,14,226.21
26,9,178.96
74,29,813.48
268,5,129.45
103,48,810.5699999999999
297,23,333.08
25,179,4413.1
102,20,322.8
52,117,2188.05
96,60,408.63
40,152,2883.1
245,9,217.9
55,69,1154.47
45,94,1680.72
54,50,1257.51
128,12,231.10000000000002
27,34,688.33
268,27,487.51
200,62,833.78
192,14,214.06
65,19,290.65999999999997
94,24,518.42
81,118,5764.091499999983
39,69,1212.66
164,29,601.27
40,258,3789.52
45,73,5764.091499999983
32,192,874.43
334,8,123.24
212,4,111.123
39,16,1267.6499999999999
334,9,135.39999999999998
42,32,118.98
91,52,567.1800000000001
38,20,306.71999999999997
46,156,1348.88
39,252,4095.9
51,6,1692.27
25,114,5764.091499999983
77,93,304.24
56,89,1592.1200000000001
25,163,3109.99
334,4,129.75
66,10,183.7
95,44,1770.34
27,30,1028.0
27,277,5764.091499999983
84,62,324.24
70,308,2959.88
25,62,1260.86
98,13,422.59999999999997
95,12,225.57999999999998
279,4,1126.0
91,59,477.86
158,10,657.9000000000001
264,21,112.75
249,5,1998.0
31,308,5076.55
31,144,5398.3
25,270,5764.091499999983
60,123,531.35
68,27,656.63
107,79,3029.87
42,308,2467.99
26,22,1651.03
32,308,3611.31
41,308,5764.091499999983
241,87,1129.06
101,19,301.71999999999997
289,4,901.2
46,198,3843.08
334,44,606.0500000000001
37,196,1770.22
49,25,152.95
285,37,292.47
40,225,4730.81
114,42,576.4
325,145,758.27
49,178,1358.74
334,44,256.32
69,263,1048.28
61,308,5764.091499999983
75,82,743.11
54,28,603.75
75,52,646.76
101,116,2247.41
76,4,417.59999999999997
320,4,111.123
199,13,323.0
69,4,464.9
52,190,2213.13
34,236,1291.91
109,308,5764.091499999983
27,308,5764.091499999983
60,42,836.06
40,69,1515.9
67,95,623.93
53,25,1764.72
334,9,207.5
81,34,223.92000000000002
334,4,2002.4
137,165,1475.43
237,13,239.4
334,7,111.123
88,22,369.34000000000003
30,42,789.79
119,13,316.62
42,63,1207.24
221,23,611.85
26,308,2790.9500000000003
317,4,111.123
296,34,1145.6
53,221,5575.56
70,54,478.09000000000003
283,38,361.54
80,140,757.1
56,254,2242.61
80,26,171.59
90,48,661.52
33,157,1691.51
83,71,371.54
103,48,222.62
97,16,245.94
25,308,5764.091499999983
123,59,422.24
334,17,311.25
33,183,2267.9500000000003
42,4,111.123
146,148,594.39
31,5,111.123
26,93,1545.6200000000001
52,308,1705.78
305,12,111.123
80,16,243.84
25,277,1194.48
334,66,414.88
112,18,305.62
34,156,1162.65
186,75,1594.23
88,24,332.3
46,60,536.99
196,98,460.59
126,93,762.16
165,67,1121.59
122,23,288.42
46,149,914.69
215,15,309.54
27,28,547.07
334,15,479.35
31,308,1652.18
37,308,5764.091499999983
126,28,417.06
25,86,1604.75
33,188,3349.57
118,26,497.61
250,38,358.38
38,26,460.64
61,28,775.1800000000001
74,22,341.7
135,7,113.5
179,11,197.22
61,23,325.91
207,12,199.15
25,47,1106.53
250,24,413.46
151,10,180.85
62,11,251.87
54,165,3170.98
220,25,588.85
31,266,5764.091499999983
59,116,1869.82
123,63,1264.19
65,308,5764.091499999983
73,11,214.32
66,12,193.44
75,14,281.42
209,8,124.57
334,19,332.41
27,20,342.45
33,9,144.91000000000003
46,19,328.4
37,4,111.123
334,10,375.69000000000005
167,52,747.81
82,6,173.76
54,26,502.8
163,11,207.73999999999998
45,127,817.12
45,137,2812.34
100,7,680.02
27,279,5764.091499999983
90,112,2095.53
35,156,846.62
107,4,111.123
53,174,1491.43
89,4,432.0
89,39,705.12
210,37,272.48
60,26,429.84000000000003
38,96,450.41
58,36,192.32999999999998
217,135,1578.67
25,186,742.43
25,97,518.19
334,45,145.93
87,62,202.27
322,37,289.78
49,157,501.03
30,123,1271.06
39,78,882.16
139,44,1706.88
52,56,363.2
27,308,3653.75
28,199,3037.6
104,86,559.59
52,140,928.76
95,18,379.14
27,308,1508.96
51,100,2555.58
313,8,113.44
59,30,183.76
32,57,621.6800000000001
46,136,562.41
299,9,391.52
72,128,1068.82
179,308,2592.25
84,55,154.18
35,308,5764.091499999983
44,81,829.89
334,14,230.25
138,6,543.05
103,204,2814.7
26,77,1295.39
49,53,378.89
28,308,4554.87
76,48,150.23000000000002
25,44,563.23
77,61,931.03
48,56,261.9
31,235,2711.6800000000003
75,305,3049.88
35,277,1904.99
234,33,816.73
44,249,4345.5
258,21,406.48
161,19,435.02
26,60,1286.27
79,42,1178.56
157,86,1277.75
132,16,167.61
53,4,111.123
25,54,2085.08
207,25,518.67
40,16,308.74
262,16,416.64
110,7,117.35000000000001
61,101,507.05
139,14,234.17
210,7,111.123
249,26,201.19
31,28,2154.97
212,21,319.02
27,31,439.43
62,42,650.41
61,41,357.21
290,4,251.51999999999998
100,39,344.33
26,89,1852.0
278,81,1028.46
83,22,384.06
35,143,1905.87
111,308,4459.52
40,120,5464.12
52,4,1873.2
26,128,1616.8
28,7,126.12
30,12,1133.25
241,4,179.0
33,93,1614.31
53,37,1456.96
311,12,702.0
172,4,295.0
46,23,484.82
25,169,3989.57
108,49,1493.73
69,43,1312.1399999999999
27,44,781.78
73,52,889.9300000000001
41,11,195.36
53,15,270.9
31,72,583.4300000000001
51,214,1838.6100000000001
25,252,5764.091499999983
63,16,920.1
34,228,1258.08
54,7,111.123
68,4,111.123
83,9,357.77
208,4,154.82999999999998
101,148,877.5600000000001
133,4,716.0
86,11,146.87
34,22,380.35
109,28,1030.14
39,30,745.52
268,28,433.53000000000003
110,75,1267.32
53,22,112.4
160,15,449.73
49,69,1071.49
25,97,1036.58
55,102,1735.18
48,6,948.48
136,22,339.44
180,22,642.02
108,65,1100.9
140,43,925.35
25,308,5655.03
119,308,3185.64
217,42,240.89000000000001
51,83,399.09
153,13,498.48
51,83,1356.33
104,62,1179.89
52,308,3080.39
289,5,234.24
96,99,5232.2300000000005
334,69,533.33
44,78,1461.14
81,61,855.45
35,296,4552.14
51,143,2709.7000000000003
137,62,304.24
51,140,2429.03
40,174,1446.09
40,77,834.12
59,25,841.0799999999999
59,28,378.2
101,4,118.80000000000001
45,8,287.62
48,63,288.91
56,81,2003.85
132,52,1405.78
58,149,2747.9900000000002
146,186,1562.4
30,96,2050.08
51,115,1991.01
27,61,1974.65
25,195,3827.76
73,124,1774.03
334,14,302.0
45,74,1324.16
38,48,1022.13
25,211,954.42
41,65,971.74
33,42,1621.73
284,4,111.123
182,90,665.78
56,308,5764.091499999983
52,116,881.29
188,12,163.29999999999998
70,29,231.61
28,123,801.12
31,39,837.5
311,9,116.19999999999999
334,10,157.02
26,35,606.91
256,18,307.46
142,7,138.32
184,9,345.29999999999995
208,31,294.24
73,35,230.5
175,248,989.45
334,14,157.09
28,134,2463.17
38,27,4892.240000000001
129,23,413.2
39,52,1139.73
298,24,380.5
38,308,5764.091499999983
270,18,454.12
262,15,579.0
25,48,984.57
128,35,749.78
45,81,1714.59
74,9,124.88
217,14,1689.5
47,14,213.78
98,23,329.34
40,20,251.70000000000002
30,13,319.0
55,67,1266.97
44,101,1538.88
54,229,3518.03
51,104,1715.46
44,5,293.1
55,144,2467.35
307,10,158.68
61,12,206.34
80,54,835.78
312,16,224.91
101,15,317.76
28,86,3766.6
240,4,111.123
67,63,1443.69
224,15,306.13
201,80,711.79
79,125,783.97
80,23,239.92000000000002
30,73,3347.31
69,4,144.0
249,10,203.95
34,84,2474.23
129,60,383.75
81,19,444.74
51,236,2093.68
58,32,1699.3000000000002
296,29,262.62
52,29,1013.01
46,96,692.22
76,38,289.78
58,148,3560.08
198,57,1564.56
76,13,384.08
76,7,204.24
49,211,2317.2200000000003
276,4,226.85
63,157,2781.23
83,101,1059.1200000000001
257,9,113.5
27,271,1951.97
54,25,114.23
47,308,3187.55
30,62,334.48
88,27,328.65
333,48,416.89
331,21,393.49
41,47,939.32
38,208,1906.09
119,47,318.76
287,69,3638.41
35,308,3124.72
25,35,417.77
58,25,190.88
205,14,149.89000000000001
48,29,550.06
35,105,916.13
34,19,314.69
25,308,3719.1
334,15,382.5
131,40,1135.04
25,308,5764.091499999983
76,31,954.9
227,9,171.45
38,54,280.09000000000003
143,69,318.65
26,56,381.97
334,37,269.83
139,86,348.91
41,18,178.26
27,111,271.19
63,74,291.48
130,16,240.0
171,116,581.23
75,12,1253.3600000000001
231,23,111.123
161,122,550.01
25,73,296.58
150,37,317.2
130,6,763.64
65,114,2148.63
58,25,111.123
250,69,1065.3500000000001
264,15,246.04
80,9,187.82999999999998
153,89,1685.46
83,291,1647.48
44,44,151.37
49,122,1049.06
32,140,1417.63
54,104,931.02
26,96,513.01
331,4,550.8000000000001
31,132,1854.06
51,68,547.0
40,49,128.18
124,30,498.42
34,55,656.61
44,59,163.24
37,79,1135.63
334,53,250.04
33,66,5764.091499999983
118,12,111.123
101,55,1384.85
161,14,644.3
54,24,2328.84
47,131,2527.92
25,308,5764.091499999983
69,9,2600.34
123,73,1200.6200000000001
31,99,657.16
38,195,906.52
40,49,986.48
303,6,111.123
37,33,523.11
45,6,363.9
146,4,175.2
108,28,494.25
325,11,307.02
174,308,1981.06
40,308,5764.091499999983
117,9,243.36
52,308,5764.091499999983
179,157,682.29
334,17,193.64
69,31,157.62
38,83,519.6899999999999
26,308,2622.88
109,4,228.96
37,213,1156.6
202,8,111.123
31,70,1281.32
59,27,587.15
152,8,1740.0
73,16,1393.06
334,19,178.22
47,44,384.39
326,58,360.81
34,15,127.86
40,125,568.24
72,29,488.2
262,35,312.23
25,308,4462.68
35,308,4767.36
261,33,167.55
46,107,1878.87
95,33,446.18
40,86,418.4
63,251,1337.18
63,57,646.92
241,28,495.77
222,69,400.1
93,24,203.2
46,308,4058.32
34,78,389.71999999999997
31,109,5764.091499999983
88,4,111.123
27,49,193.39000000000001
42,15,336.4
37,45,256.11
30,28,2686.42
42,76,746.81
100,15,1259.56
25,213,5764.091499999983
186,4,508.8
329,56,417.27
242,4,203.86999999999998
62,27,5764.091499999983
45,89,681.41
137,38,653.38
149,206,2097.84
27,58,2598.85
59,32,263.92
27,196,5764.091499999983
25,82,1031.41
334,111,2184.42
186,4,111.123
207,13,771.85
39,64,1214.72
35,41,778.94
25,66,1258.06
66,6,778.0
102,14,507.84
52,269,5764.091499999983
65,30,463.46000000000004
34,206,4226.57
73,30,598.83
39,117,1979.37
69,26,698.41
42,43,759.17
31,271,5037.26
94,4,111.123
25,308,5764.091499999983
151,39,524.9200000000001
55,14,265.76
334,43,403.3
41,48,365.76
111,54,303.15999999999997
25,134,2373.82
25,9,216.29999999999998
276,17,388.45000000000005
179,5,186.42000000000002
59,135,2248.56
242,4,534.24
174,134,2389.1
199,9,120.9
63,36,541.53
25,276,2519.21
31,308,5764.091499999983
25,100,1721.4
40,19,486.71999999999997
215,61,517.53
226,8,131.7
334,17,249.86
149,19,1737.7
38,54,316.5
66,111,657.3
117,29,622.4300000000001
45,106,735.82
83,27,675.69
39,208,1875.86
181,9,289.96000000000004
33,41,763.28
33,5,137.0
39,88,1870.97
67,78,1125.07
214,174,697.54
102,14,194.37
100,29,511.82
26,82,1255.59
88,21,414.04
284,24,396.87
81,29,376.64
25,76,2092.32
25,109,3558.87
271,12,374.57
30,27,497.56
334,10,271.05
98,17,272.22
312,40,622.88
40,5,1138.0
243,18,288.6
32,28,689.1
25,38,558.96
229,127,2997.0299999999997
184,52,1145.84
98,14,302.2
284,88,605.58
303,22,387.31
80,308,5764.091499999983
47,20,308.48
25,308,5764.091499999983
51,105,2924.9900000000002
95,6,513.2
151,40,208.65
54,87,639.02
38,135,764.88
331,11,153.94
40,82,1844.02
76,30,546.81
52,45,723.2099999999999
25,73,1070.71
34,33,652.74
334,6,145.0
334,9,422.70000000000005
27,19,1195.8999999999999
76,47,939.37
25,253,3628.5
25,308,2367.12
213,14,296.7
76,9,223.36
303,13,164.4
200,4,111.123
52,74,887.67
48,9,111.123
47,25,578.9
292,25,170.75
66,141,642.32
256,5,111.123
46,6,148.86
220,42,267.16
334,39,290.34
83,49,930.41
152,4,1487.6
25,88,1952.45
42,105,480.31
228,6,157.9
37,34,541.46
117,26,854.95
42,45,165.12
37,63,1122.38
47,49,454.01
31,142,869.77
30,165,4331.48
334,29,344.14
73,271,1425.67
94,12,226.75000000000003
52,25,380.6
265,8,185.65
31,308,3564.83
241,5,143.45999999999998
27,50,448.90000000000003
275,45,215.72
25,308,5764.091499999983
259,29,175.27
30,35,1242.3
132,208,1116.68
123,23,1240.2
83,253,2404.17
25,196,1468.02
96,157,2203.67
26,212,3923.86
108,50,993.18
35,82,386.69
46,265,2806.69
236,55,2044.3700000000001
40,13,161.67000000000002
262,9,116.00999999999999
25,308,5054.42
101,11,394.72
240,63,309.36
56,56,191.99
63,233,1105.78
30,308,3961.12
76,135,2048.45
45,306,4544.55
80,98,386.32
153,14,329.6
196,4,571.1999999999999
28,67,930.28
334,74,214.37
82,4,111.123
44,26,1379.9
55,33,527.0500000000001
37,50,843.48
41,306,2020.4
104,5,111.123
28,123,1814.12
192,26,503.59999999999997
25,39,528.33
54,70,1324.84
59,296,2358.59
42,20,285.56
54,35,547.0600000000001
299,7,111.123
109,5,621.66
142,40,712.29
334,8,111.123
25,157,2895.64
242,51,1008.39
88,7,133.06
83,91,1797.5
161,52,868.49
44,8,166.08
34,232,3945.0
48,259,4867.72
59,44,1207.56
300,22,117.55
33,91,2638.94
96,82,1674.69
48,19,595.42
40,158,2999.46
164,38,178.75
48,86,1802.91
41,43,604.64
26,18,728.16
89,116,2055.51
25,15,347.75
65,68,3406.7200000000003
250,11,205.7
38,53,1572.71
73,110,3178.17
25,218,1594.97
97,27,551.04
25,308,5764.091499999983
27,77,1371.18
25,303,5764.091499999983
286,16,298.11
75,30,1992.1100000000001
46,11,184.4
33,118,2474.33
66,15,239.41
39,127,3155.83
30,286,5739.46
53,252,4726.8
334,19,290.40000000000003
150,46,740.9399999999999
160,16,200.47
164,15,283.12
154,35,765.34
61,115,2285.71
259,19,338.95
283,8,154.95
39,142,2534.64
275,24,417.95
53,74,1824.37
58,55,798.74
191,31,885.19
26,103,1823.52
27,308,5764.091499999983
208,5,152.4
210,34,263.33
192,7,137.45
33,23,385.1
67,29,522.91
334,10,153.0
223,4,326.4
45,245,5655.99
255,6,139.35
60,274,5396.04
49,50,1195.94
119,115,2424.04
150,10,3276.4000000000005
94,40,1033.0
39,192,3439.08
38,66,1060.25
26,165,2876.01
26,218,5298.4800000000005
102,67,1240.11
334,18,303.97
61,35,692.19
76,43,700.63
25,308,5764.091499999983
32,25,377.44
32,10,168.24
42,97,1879.05
34,47,2791.35
136,15,355.11
26,136,2322.4
263,6,111.123
135,4,111.123
201,35,674.52
28,184,1710.45
334,4,111.123
25,89,1664.65
25,308,5593.39
42,308,3408.2000000000003
40,90,819.96
44,25,287.59
55,19,712.78
286,4,111.123
73,71,772.55
181,56,367.63
38,21,271.2
31,98,2081.9
35,304,3957.43
221,38,1143.27
79,54,245.81
33,50,173.45
119,153,1213.73
277,4,111.123
47,190,647.56
44,81,650.32
182,12,188.02
95,67,283.47
76,13,131.94
108,68,266.85
175,128,1817.54
96,4,1112.95
304,14,225.9
49,189,1964.3
52,10,111.123
48,52,300.34
202,45,342.83
63,81,690.0
45,111,780.43
45,308,3039.17
60,103,1187.21
105,140,1285.04
96,10,512.31
34,43,546.04
39,61,5411.91
27,308,5764.091499999983
35,133,699.81
37,308,1698.07
59,17,111.123
27,33,387.68
94,48,3704.87
74,13,298.4
28,215,1987.33
45,64,1165.09
321,30,889.24
25,23,398.7
56,4,111.123
72,61,155.37
25,59,342.24
70,24,111.123
65,162,1541.23
49,117,2720.8
65,52,318.15
25,308,5764.091499999983
326,37,205.48
129,5,111.123
108,4,2033.1
104,51,901.1999999999999
241,26,605.8000000000001
334,297,5391.21
34,24,114.34
208,15,311.26
334,17,208.97
25,15,1418.03
27,54,5764.091499999983
28,197,5140.66
327,23,141.92000000000002
334,52,226.45000000000002
26,219,2097.88
334,11,330.9
82,148,3160.0
35,90,554.85
53,308,5764.091499999983
165,9,329.65
53,68,1157.8700000000001
130,40,428.18
25,270,1865.89
227,10,155.9
103,43,1848.96
208,46,683.46
193,12,237.61
66,26,379.45
196,6,178.51999999999998
334,26,458.92
327,8,133.35000000000002
26,142,664.34
26,113,695.0699999999999
35,53,156.34
54,102,869.28
152,10,111.35
44,65,716.0
235,20,201.37
334,91,586.89
185,34,203.85999999999999
79,28,244.1
248,15,111.123
94,192,1118.96
67,15,111.123
46,4,256.32
195,108,541.8100000000001
108,28,152.06
182,31,154.55
213,6,112.19999999999999
52,19,111.123
44,34,181.07
94,33,798.99
270,12,111.123
334,54,232.03
32,39,366.23
333,37,310.06
81,58,408.65
26,75,329.36
68,92,335.03
111,23,1304.04
27,308,4119.5
87,142,820.23
305,4,207.50000000000003
34,31,2962.5
334,4,244.08
156,21,397.29
68,23,212.54
34,5,843.0
58,39,1740.48
157,65,408.36
52,90,1331.57
74,21,704.25
161,28,142.89
28,72,380.13
31,43,4301.22
182,12,111.123
72,18,4020.04
153,4,304.56
30,4,111.123
256,20,149.57999999999998
60,9,176.68
170,4,358.56000000000006
25,70,5764.091499999983
95,71,482.2
62,20,1008.5400000000001
28,308,2314.13
221,19,557.3
272,4,111.123
89,31,111.68
139,7,508.4599999999999
194,26,111.123
44,249,1296.44
165,34,111.123
54,98,463.21
60,308,2599.19
60,68,1098.43
334,42,112.27
334,81,265.1
189,14,228.2
234,29,562.79
264,30,135.19
74,15,337.04
47,165,703.99
38,293,4483.26
334,57,321.79
52,21,288.14
334,12,300.91999999999996
58,138,732.41
188,30,811.45
168,48,152.68
45,21,631.35
79,4,111.123
208,13,198.57
34,38,201.12
259,29,630.84
248,5,111.123
144,79,674.89
304,4,111.123
97,164,1962.46
60,91,380.39
35,57,415.13
334,37,157.92
26,53,226.47
46,22,444.68
93,30,2116.19
258,31,247.39
279,14,174.8
334,28,111.123
178,31,187.29
51,30,162.22
27,46,120.03
55,122,1477.66
104,4,523.0
131,29,122.14
74,5,111.123
58,164,612.72
175,21,389.78
121,21,115.31
27,9,230.64999999999998
334,5,111.123
88,33,111.123
44,110,418.68
58,49,713.89
55,94,403.12
177,19,111.123
42,19,357.20000000000005
34,308,4097.37
76,7,165.04999999999998
47,115,529.29
27,127,2088.6
68,43,178.34
226,7,172.29000000000002
334,5,111.123
93,20,300.02
30,308,5764.091499999983
311,19,363.65
32,4,170.16
46,18,306.46
44,46,2119.41
196,27,720.52
156,7,814.0
28,137,2392.83
98,10,318.0
63,37,396.33
312,4,111.123
49,308,2009.24
280,25,453.0
208,18,247.44
137,72,3859.82
334,13,489.6
46,142,2611.75
31,223,2584.41
240,29,336.13
68,123,3613.15
41,4,1231.5
59,17,343.45
48,70,680.84
39,4,111.123
334,29,689.95
297,7,111.123
121,4,4055.7199999999993
84,37,166.03
25,89,5764.091499999983
116,36,2106.52
104,70,3017.3
334,21,580.0500000000001
34,196,849.06
30,106,2662.4
150,19,168.31
34,40,222.4
25,308,5764.091499999983
60,38,754.64
60,18,113.48000000000002
334,37,421.9
277,17,271.0
25,308,5764.091499999983
42,37,198.8
35,26,352.69
334,4,111.123
313,28,220.1
90,308,1403.1100000000001
48,72,315.65
33,308,5625.08
334,29,180.7
237,17,111.15
172,31,653.3
31,308,1793.06
47,34,574.4399999999999
52,192,1131.75
83,52,200.92000000000002
42,46,347.08
266,14,112.55000000000001
38,70,1059.39
235,4,931.4999999999999
52,20,681.9100000000001
86,38,784.33
318,8,152.65
40,159,5764.091499999983
180,15,1019.52
139,61,1000.16
30,43,2888.75
35,221,2861.55
163,10,160.35000000000002
68,7,179.33999999999997
73,16,612.0799999999999
55,37,566.58
157,38,653.35
26,21,399.19
98,25,371.62
35,122,675.64
32,34,453.4
324,23,530.15
80,39,638.0600000000001
38,80,1618.69
60,24,399.65000000000003
200,10,302.46000000000004
46,37,1384.8600000000001
199,130,1160.04
83,9,202.65
56,38,980.31
81,54,1231.31
37,189,5764.091499999983
109,31,2106.84
30,4,111.123
334,30,476.35
54,73,1340.8700000000001
151,97,1590.81
32,90,1793.17
27,119,1843.75
47,41,366.85
250,37,632.07
38,4,111.123
272,17,304.25
38,71,2001.04
100,68,1090.24
215,15,284.46000000000004
284,7,207.79999999999998
94,45,957.97
188,16,243.76
105,7,973.8399999999999
118,139,686.63
27,159,5425.56
129,30,150.35
222,68,1396.99
180,19,160.42000000000002
94,192,1975.35
59,32,517.36
51,8,139.10000000000002
25,134,2621.38
48,42,600.07
334,34,216.07
259,15,232.48000000000002
112,13,299.34000000000003
54,26,481.75
52,31,621.75
234,20,641.92
25,114,2069.77
249,4,305.28000000000003
45,64,1041.61
115,19,443.0
27,272,5764.091499999983
286,10,158.95000000000002
26,269,5504.96
67,242,5228.05
240,5,111.123
79,30,779.9
34,164,5764.091499999983
32,86,2810.2000000000003
215,123,2071.77
104,37,592.97
334,4,440.0
94,104,1796.48
52,49,882.24
25,61,987.1
241,88,1561.6100000000001
69,6,422.58
32,104,2073.09
95,78,2232.4900000000002
30,175,2567.06
46,4,596.1
145,47,804.02
40,8,111.123
333,21,349.27
110,16,4314.72
73,94,518.27
112,6,111.123
62,118,2337.63
47,42,2338.6000000000004
195,133,2628.35
66,21,324.24
163,13,149.48
48,61,1213.1599999999999
95,46,801.51
157,4,111.123
334,7,168.6
61,11,283.15
25,166,3078.58
25,4,204.0
53,11,175.92
66,14,335.86
81,8,111.123
96,9,173.9
300,10,180.60000000000002
203,7,111.123
30,12,178.05
26,308,2045.53
65,70,1837.28
